-- member 테이블: PK(id)가 중복될 경우, 나머지 컬럼을 스크립트의 값으로 업데이트합니다.
INSERT INTO member (id, social_id, nickname, phone_number, interest_area, opt_in_marketing)
VALUES (1, 123456789, '이승로', '01012345678', 'GANGNAM', true),
       (2, 987654321, '이충안', '01087654321', 'SEOCHO', false),
       (3, 456789123, '장수빈', '01045678912', 'SONGPA', true),
       (4, 789123456, '서준환', '01078912345', 'MAPO', true),
       (5, 321251287, '신민선', '01034574568', 'GANGSEO', false),
       (6, 324569987, '박희수', '01043609998', 'SEODAEMUN', false),
       (7, 323487985, '하아얀', '01065083298', 'SEONGDONG', false)
ON DUPLICATE KEY UPDATE social_id        = VALUES(social_id),
                        nickname         = VALUES(nickname),
                        phone_number     = VALUES(phone_number),
                        interest_area    = VALUES(interest_area),
                        opt_in_marketing = VALUES(opt_in_marketing);


-- store 테이블: PK(id)가 중복될 경우, 나머지 컬럼을 스크립트의 값으로 업데이트합니다.
INSERT INTO store (id, name, category, latitude, longitude, address, phone_number, image_url, open_time, close_time,
                   introduction, interest_area)
VALUES (1, '맛있는 한식당', '한식', 37.5665, 126.9780, '서울특별시 강남구 테헤란로 123', '0212345678', 'https://example.com/store1.jpg',
        '09:00:00', '22:00:00', '전통 한식의 맛을 느낄 수 있는 곳입니다.', 'GANGNAM'),
       (2, '신선한 중식당', '중식', 37.5645, 126.9770, '서울특별시 서초구 서초대로 456', '0287654321', 'https://example.com/store2.jpg',
        '11:00:00', '21:00:00', '정통 중국 요리를 맛볼 수 있습니다.', 'SEOCHO'),
       (3, '일본 정통 스시', '일식', 37.5685, 126.9790, '서울특별시 송파구 올림픽로 789', '0245678912', 'https://example.com/store3.jpg',
        '11:30:00', '22:30:00', '신선한 회와 정통 스시를 즐기세요.', 'SONGPA'),
       (4, '이탈리아 파스타', '양식', 37.5625, 126.9760, '서울특별시 마포구 홍대로 321', '0278912345', 'https://example.com/store4.jpg',
        '12:00:00', '23:00:00', '정통 이탈리아 파스타와 피자를 만나보세요.', 'MAPO'),
       (5, '커피향 가득한 카페', '카페', 37.5705, 126.9800, '서울특별시 종로구 종로 654', '0232165498', 'https://example.com/store5.jpg',
        '07:00:00', '24:00:00', '아늑한 분위기에서 커피를 즐기세요.', 'JONGNO'),
       (6, '달콤한 디저트샵', '디저트', 37.5640, 126.9775, '서울특별시 강남구 강남대로 987', '0211111111', 'https://example.com/store6.jpg',
        '10:00:00', '21:00:00', '다양한 디저트와 케이크를 만나보세요.', 'GANGNAM'),
       (7, '분위기 좋은 술집', '술집', 37.5660, 126.9785, '서울특별시 서초구 서초대로 147', '0222222222', 'https://example.com/store7.jpg',
        '18:00:00', '02:00:00', '분위기 좋은 술집에서 즐거운 시간을 보내세요.', 'SEOCHO'),
       (8, '빠른 패스트푸드', '패스트푸드', 37.5680, 126.9795, '서울특별시 송파구 올림픽로 258', '0233333333', 'https://example.com/store8.jpg',
        '06:00:00', '24:00:00', '빠르고 맛있는 패스트푸드를 즐기세요.', 'SONGPA'),
       (9, '편리한 편의점', '편의점', 37.5620, 126.9765, '서울특별시 마포구 홍대로 369', '0244444444', 'https://example.com/store9.jpg',
        '00:00:00', '24:00:00', '24시간 편리한 편의점입니다.', 'MAPO'),
       (10, '특별한 기타매장', '기타', 37.5700, 126.9805, '서울특별시 종로구 종로 741', '0255555555', 'https://example.com/store10.jpg',
        '09:00:00', '18:00:00', '특별한 상품들을 만나보세요.', 'JONGNO')
ON DUPLICATE KEY UPDATE name          = VALUES(name),
                        category      = VALUES(category),
                        latitude      = VALUES(latitude),
                        longitude     = VALUES(longitude),
                        address       = VALUES(address),
                        phone_number  = VALUES(phone_number),
                        image_url     = VALUES(image_url),
                        open_time     = VALUES(open_time),
                        close_time    = VALUES(close_time),
                        introduction  = VALUES(introduction),
                        interest_area = VALUES(interest_area);

-- menu 테이블: PK(id)가 중복될 경우, 나머지 컬럼을 스크립트의 값으로 업데이트합니다.
INSERT INTO menu (id, store_id, name, description, price, discount_price, discount_start_time, discount_end_time,
                  image_url)
VALUES (1, 1, '불고기', '맛있는 불고기', 15000, 12000, '2025-06-28 14:00:00', '2025-06-28 16:00:00',
        'https://example.com/menu1.jpg'),
       (2, 1, '비빔밥', '신선한 채소가 들어간 비빔밥', 12000, NULL, NULL, NULL, 'https://example.com/menu2.jpg'),
       (3, 2, '짜장면', '정통 중국 짜장면', 8000, 6000, '2025-06-28 12:00:00', '2025-06-28 14:00:00',
        'https://example.com/menu3.jpg'),
       (4, 2, '탕수육', '바삭한 탕수육', 18000, NULL, NULL, NULL, 'https://example.com/menu4.jpg'),
       (5, 3, '초밥 세트', '신선한 회로 만든 초밥 세트', 25000, 20000, '2025-06-28 15:00:00', '2025-06-28 17:00:00',
        'https://example.com/menu5.jpg'),
       (6, 3, '우동', '따뜻한 우동', 12000, NULL, NULL, NULL, 'https://example.com/menu6.jpg'),
       (7, 4, '까르보나라', '정통 이탈리아 까르보나라', 18000, 15000, '2025-06-28 13:00:00', '2025-06-28 15:00:00',
        'https://example.com/menu7.jpg'),
       (8, 4, '마르게리타 피자', '신선한 모짜렐라 치즈 피자', 22000, NULL, NULL, NULL, 'https://example.com/menu8.jpg'),
       (9, 5, '아메리카노', '깊은 맛의 아메리카노', 4500, 3500, '2025-06-28 10:00:00', '2025-06-28 12:00:00',
        'https://example.com/menu9.jpg'),
       (10, 5, '카페라떼', '부드러운 카페라떼', 5500, NULL, NULL, NULL, 'https://example.com/menu10.jpg'),
       (11, 6, '티라미수', '진한 커피향의 티라미수', 8000, 6000, '2025-06-28 14:00:00', '2025-06-28 16:00:00',
        'https://example.com/menu11.jpg'),
       (12, 6, '초코케이크', '달콤한 초코케이크', 7000, NULL, NULL, NULL, 'https://example.com/menu12.jpg'),
       (13, 7, '소주', '깔끔한 소주', 4000, 3000, '2025-06-28 20:00:00', '2025-06-28 22:00:00',
        'https://example.com/menu13.jpg'),
       (14, 7, '맥주', '시원한 맥주', 6000, NULL, NULL, NULL, 'https://example.com/menu14.jpg'),
       (15, 8, '햄버거 세트', '맛있는 햄버거 세트', 12000, 9000, '2025-06-28 11:00:00', '2025-06-28 13:00:00',
        'https://example.com/menu15.jpg'),
       (16, 8, '치킨', '바삭한 치킨', 18000, NULL, NULL, NULL, 'https://example.com/menu16.jpg'),
       (17, 9, '삼각김밥', '맛있는 삼각김밥', 1500, 1200, '2025-06-28 22:00:00', '2025-06-29 06:00:00',
        'https://example.com/menu17.jpg'),
       (18, 9, '커피', '편의점 커피', 1500, NULL, NULL, NULL, 'https://example.com/menu18.jpg'),
       (19, 10, '특별상품A', '특별한 상품 A', 50000, 40000, '2025-06-28 10:00:00', '2025-06-28 12:00:00',
        'https://example.com/menu19.jpg'),
       (20, 10, '특별상품B', '특별한 상품 B', 30000, NULL, NULL, NULL, 'https://example.com/menu20.jpg')
ON DUPLICATE KEY UPDATE store_id            = VALUES(store_id),
                        name                = VALUES(name),
                        description         = VALUES(description),
                        price               = VALUES(price),
                        discount_price      = VALUES(discount_price),
                        discount_start_time = VALUES(discount_start_time),
                        discount_end_time   = VALUES(discount_end_time),
                        image_url           = VALUES(image_url);

-- bookmark 테이블: PK(id)가 중복될 경우, 나머지 컬럼을 스크립트의 값으로 업데이트합니다.
INSERT INTO bookmark (id, member_id, store_id)
VALUES (1, 1, 1),
       (2, 1, 3),
       (3, 2, 2),
       (4, 2, 5),
       (5, 3, 4),
       (6, 3, 6),
       (7, 4, 7),
       (8, 4, 9),
       (9, 5, 8),
       (10, 5, 10),
       (11, 1, 5),
       (12, 2, 1),
       (13, 3, 7),
       (14, 4, 2),
       (15, 5, 4)
ON DUPLICATE KEY UPDATE member_id = VALUES(member_id),
                        store_id  = VALUES(store_id);
